{
  "errno": 0,
  "errmsg": "success",
  "timestamp": 1490064440,
  "serverlogid": "edb448345617eb335e5325459279a4e0",
  "data": {
    "list": [
      {
        "id": 1,
        "logo": "",
        "domain": "stackoverflow.com",
        "link": "http://stackoverflow.com/",
        "title": "Stack Overflow",
        "desc": "Q & A for professional and enthusiast programmers",
        "like": 108,
        "hate": 5,
        "views": 125,
        "tags": [
          "javascript",
          "FAQ"
        ]
      },
      {
        "id": 2,
        "domain": "segmentfault.com",
        "logo": "https://static.segmentfault.com/v-58e87c57/global/img/logo-b.svg",
        "link": "http://segmentfault.com/",
        "title": "SegmentFault 程序员问答",
        "desc": "最前沿的技术问答，最纯粹的技术切磋。让你不知不觉中开拓眼界，提高技能。在巨人的肩膀上，成为一名优秀开发者。",
        "like": 108,
        "hate": 5,
        "views": 12325,
        "tags": [
          "javascript",
          "FAQ"
        ]
      },
      {
        "id": 3,
        "domain": "",
        "logo": "",
        "link": "http://amazeui.org/",
        "title": "Amaze UI 前端框架",
        "desc": "Amaze UI 是一个移动优先的跨屏前端框架。暂时不使用这个框架，现在使用 vuejs 生态体系，相对来说更先进。",
        "like": 108,
        "hate": 5,
        "views": 125,
        "tags": [
          "javascript",
          "FAQ"
        ]
      },
      {
        "id": 4,
        "domain": "vuejs.org",
        "logo": "http://cn.vuejs.org/images/logo.png",
        "link": "http://cn.vuejs.org/v2/guide/",
        "title": "Vue.js",
        "desc": "Vue.js 是一套构建用户界面的渐进式框架。",
        "like": 1008,
        "hate": 5,
        "views": 1125,
        "tags": [
          "javascript",
          "FAQ"
        ]
      }
    ]
  }
}
