{
  "errno": 0,
  "errmsg": "success",
  "timestamp": 1490064440,
  "serverlogid": "edb448345617eb335e5325459279a4e0",
  "data": {
    "list": [
      {
        "question": "什么是开发者收藏分类？",
        "answer": "分类是比传统的目录更灵活、更方便的组织开发者收藏的方式。您只需在添加或编辑开发者收藏条目时为其填写一个或多个分类（Tag），条目就会在页面左侧对应进入对应的分类。将您的开发者收藏条们分类能让它们更为有序，方便浏览与使用。"
      },
      {
        "question": "开发者收藏可以获取哪些网页？",
        "answer": "您可以在开发者收藏添加任意网页，开发者收藏将为您记录指向该网页的链接和您填写的描述信息，并对可抓取的网页内容自动生成网页快照。"
      },
      {
        "question": "开发者收藏为什么会快照读取错误？",
        "answer": "出现快照读取错误可能有以下原因：1）您开发者收藏的网页地址不完整或不正确。2）您开发者收藏的网页无法获取快照。3）您开发者收藏的网页含有不合法内容，快照被系统屏蔽。"
      },
      {
      "question": "开发者收藏的哪些内容无法获取快照？",
      "answer": "出现快照读取错误可能有以下原因：1）您开发者收藏的网页没有可供提取的文本内容。2）您开发者收藏的网页经过加密或需要访问权限导致系统无法抓取。3）下列格式的网页文档才可以获取快照：html,htm,xml,doc,ppt,txt,xsl,pdf"
      },
      {
        "question": "开发者收藏与操作系统中的“收藏夹”有何不同？",
        "answer": "1）操作系统中的“收藏夹”只能保存网页链接；而开发者收藏能同时保存收藏网页的全文。即使您开发者收藏的网页在互联网上已不存在，你也能随时在开发者收藏通过开发者收藏快照查看它。2）操作系统中的“收藏夹”中只能依靠目录和标题来查找您保存过的网页；而开发者收藏提供方便的描述，分类，全文检索。您可以非常方便的找到您需要的网页。3）操作系统中的“收藏夹”内容只记录在本机，而开发者收藏将您的内容保存在网络上，无论您在哪里上网均能随时调用。4）操作系统中的“收藏夹”通常只限于您自己使用，而开发者收藏能让您方便的把您的开发者收藏共享给朋友和他人。"
      },
      {
        "question": "如何共享开发者收藏资源？",
        "answer": "您只需要在添加开发者收藏时将“公开”选项勾选，其他人就能通过访问您的个人档案页查看它们。"
      },
      {
        "question": "为什么添加开发者收藏没有成功？",
        "answer": "添加开发者收藏没有成功的原因：1)长时间没有进行操作，服务器自动设置退出。需要重新登录厚才能添加。2)网页内容或描述不合法。3)标题或url不能为空，否则会导致添加开发者收藏不成功。4)标题/url/描述/分类超过字数限制。"
      },
      {
        "question": "为什么导入开发者收藏没有成功？",
        "answer": "1)请检查导入文件是否正确。导入文件应为浏览器标准导出格式的完整.htm文件。2)网络问题可能导致上传文件超时，您可以稍后再试。3)特殊情况下，有时因为服务器忙需要等待1~2分钟，刷新页面后您才能看到您导入的开发者收藏。"
      },
      {
        "question": "使用开发者收藏有哪些限制？",
        "answer": "1)标题长度最少1字节，最长76字节；2)描述长度最长240字节；3)分类长度最长20字节；4)分类名中不能含有下列符号 ，；、／；5)url长度最长255字节；6)相同的url只能保存一次，开发者收藏相同的url时可选择覆盖掉以前的。"
      },
      {
        "question": "如何将我的开发者收藏显示在空间中？",
        "answer": "开发者收藏目前暂时没有提供此项功能。请您相信，我们一直在努力完善这一产品，很快就会提供包含此功能在内的更多实用功能。"
      },
      {
        "question": "开发者收藏的分类是如何排序的？",
        "answer": "登录到开发者收藏后，您的分类将在左侧以分类下所含开发者收藏条目数从多到少排序。其中，“全部分类”始终排在最上方；“未分类”始终排在最下方。"
      },
      {
        "question": "如何反馈关于开发者收藏的更多问题？",
        "answer": "您可以访问开发者收藏空间或者访问 开发者收藏吧反馈您的问题。开发者收藏对浏览器的设置要求：开发者收藏要求浏览器启用JavaScript和cookies。所使用的浏览器应为 Internet Explorer 6.0（或更高版本）、Netscape 7.1（或更高版本）、Mozilla 1.4（或更高版本）、Firefox 0.8（或更高版本）、Safari 1.2.1 以上版本。 * 如果您还有其它的问题，或者您希望给开发者收藏提意见，您可以 联系我们或者访问 开发者收藏吧 反馈您的问题。非常欢迎您帮助我们一起完善开发者收藏，谢谢！在您的网页中嵌入开发者收藏，将下面文本框中的代码拷贝到您网页内，便可以显示出您指定的开发者收藏内容"
      },
      {
        "question": "如果我上网场所不固定还能用开发者收藏吗？",
        "answer": "大学生：把实验室、图书馆上网时找到的资料用开发者收藏收集起来；公司白领：把工作时常去的网站收藏起来，回家后方便、高效地SOHO；网吧上网：把感兴趣的网址都收集起来，打造一个适合自己的上网导航。"
      },
      {
        "question": "如果我是学术研究人员，我可以用开发者收藏做什么？",
        "answer": "用开发者收藏可直接收藏网上的doc、pdf文档，把所需要的学术资料用开发者收藏方便的收集保存起来，日积月累下来打造属于自己的资料库，需要时只需在开发者收藏中方便、快捷地搜索，开发者收藏支持快照中全文检索，不用担心失效、丢失"
      },
      {
        "question": "如果我是收藏丰富的资深网友，我可以用开发者收藏做什么？",
        "answer": "用开发者收藏的全文检索，再也不用担心收藏的太多找不到，也不必担心资料丢失，完全依赖稳定、快速、简单的开发者收藏，与好友分享我的收藏，把以前别人对你的帮助回馈给大家，成为朋友眼中的“知识专家”。"
      },
      {
        "question": "如果我是网络小说的爱好者，我可以用开发者收藏做什么？",
        "answer": "用开发者收藏独有的“快照”功能，只收集小说的地址就能把小说内容收藏起来，把计划要阅读的小说收集起来，下次看时只需在开发者收藏中观看，把开发者收藏当成书签，看完一章收集一章，下次再接着看，把读过的“书”都收藏起来，给好友展示我“书”读破万卷的一面。"
      },
      {
        "question": "如果我是Blogger，我可以用开发者收藏做什么？",
        "answer": "用开发者收藏收下博友们的精彩文章，每写完一篇博客日志，就用开发者收藏备份起来，用开发者收藏把多个博客综合在一起，展示我丰硕的“著作”。"
      },
      {
        "question": "如果我是电脑爱好者，我可以用开发者收藏做什么？",
        "answer": "把常用软件的地址都收藏起来，下次需要时可以方便、快速的安装所需软件，随时把精彩、实用的软件下载地址收藏起来，建立名副其实的“软件百科全书”，把各种电脑问题的解决办法收集起来，电脑有问题时轻松面对。"
      }
    ]
  }
}
