{
  "errno": 0,
  "errmsg": "success",
  "timestamp": 1490064440,
  "serverlogid": "edb448345617eb335e5325459279a4e0",
  "data": {
    "topics": [
      {
        "name": "聚合类",
        "list": [
          {
            "name": "视觉设计",
            "list": [
              "圈子",
              "icon",
              "素材",
              "图库",
              "配色",
              "字体",
              "栅格"
            ]
          },
          {
            "name": "产品运营",
            "list": [
              ""
            ]
          },
          {
            "name": "用户体验",
            "list": [
              ""
            ]
          },
          {
            "name": "技能延伸",
            "list": [
              ""
            ]
          },
          {
            "name": "创业",
            "list": [
              ""
            ]
          }
        ]
      }
    ],
    "list": [
      {
        "name": "开发语言",
        "list": [
          "javascript",
          "c",
          "c++",
          "c#",
          "java",
          "php",
          "ruby",
          "perl",
          "python",
          "objective-c",
          "go",
          "lua",
          "node.js",
          "bash",
          "swift",
          "actionscript"
        ]
      },
      {
        "name": "前端开发",
        "list": [
          "javascript",
          "html",
          "html5",
          "css",
          "css3",
          "sass",
          "less",
          "jquery",
          "zepto",
          "json",
          "ajax",
          "正则表达式",
          "RegExp",
          "chrome",
          "firefox",
          "ie",
          "svg",
          "bootstrap"
        ]
      },
      {
        "name": "后端开发",
        "list": [
          "java",
          "php",
          ".net",
          "数据库"
        ]
      },
      {
        "name": "数据库",
        "list": [
          "indexdb",
          "mysql",
          "sqlite",
          "oracle",
          "sql",
          "nosql",
          "redis",
          "mongodb",
          "memcached",
          "postgresql"
        ]
      },
      {
        "name": "服务器",
        "list": [
          "linux",
          "unix",
          "ubuntu",
          "docker",
          "apache",
          "nginx",
          "负载均衡",
          "缓存",
          "windows-server"
        ]
      },
      {
        "name": "算法",
        "list": [
          "排序",
          "二叉树"
        ]
      },
      {
        "name": "编辑器",
        "list": [
          "sublime-text",
          "atom",
          "vscode",
          "vim",
          "xcode",
          "eslipse",
          "visual-studio",
          "textmate",
          "intellig-idea"
        ]
      },
      {
        "name": "开发工具",
        "list": [
          "markdown",
          "git",
          "svn",
          "github",
          "zsh",
          "ci"
        ]
      },
      {
        "name": "分析调试",
        "list": [
          "fiddler",
          "charles",
          "firebug",
          "yslow",
          "pagespeed",
          "phantomjs",
          "karam",
          "mocha",
          "chai"
        ]
      },
      {
        "name": "开放平台",
        "list": [
          "微信",
          "钉钉",
          "支付宝",
          "百度",
          "facebook"
        ]
      },
      {
        "name": "iOS 开发",
        "list": [
          "ios",
          "objective-c",
          "sqlite",
          "safari",
          "xcode",
          "phonegap",
          "cocoa",
          "macos",
          "iphone",
          "ipad",
          "swift"
        ]
      },
      {
        "name": "Android 开发",
        "list": [
          "android",
          "java",
          "eslipse",
          "xml",
          "phonegap",
          "json",
          "webview",
          "android-studio"
        ]
      },
      {
        "name": "JavaScript 开发",
        "list": [
          "javascript",
          "es6",
          "node.js",
          "webpack",
          "rollup",
          "underscore.js",
          "lodash.js",
          "cordova",
          "vue.js",
          "weex",
          "react.js",
          "react-native",
          "flow",
          "angular",
          "typescript",
          "d3.js"
        ]
      },
      {
        "name": "Node.js 开发",
        "list": [
          "http-server",
          "node.js",
          "npm",
          "express",
          "koa",
          "es6",
          "mongodb",
          "mongoose",
          "eslint",
          "socket.io"
        ]
      },
      {
        "name": "Python 开发",
        "list": [
          "python",
          "django",
          "flask",
          "tornado",
          "web.py",
          "sqlalchemy",
          "virtualenv"
        ]
      },
      {
        "name": "JAVA 开发",
        "list": [
          "java",
          "java-ee",
          "jar",
          "spring",
          "hibernate",
          "struts",
          "tomcat",
          "maven",
          "eslipse",
          "intellig-idea"
        ]
      },
      {
        "name": "PHP 开发",
        "list": [
          "php",
          "mysql",
          "apache",
          "nginx",
          "mvc",
          "codeigniter",
          "symfony",
          "zend-framework",
          "composer",
          "laravel"
        ]
      },
      {
        "name": ".NET 开发",
        "list": [
          ".net",
          "c#",
          "asp.net",
          "mvc",
          "mssql"
        ]
      },
      {
        "name": "Ruby 开发",
        "list": [
          "ruby",
          "ruby-on-rails",
          "rubygems",
          "nvm",
          "macosx",
          "bundle"
        ]
      },
      {
        "name": "搜索",
        "list": [
          "搜索引擎",
          "中文分词",
          "全文检索",
          "lucene",
          "solr",
          "sphinx",
          "analyzer",
          "elasticsearch"
        ]
      },
      {
        "name": "云服务",
        "list": [
          "云计算",
          "七牛",
          "又拍",
          "阿里云",
          "腾讯云",
          "amazon",
          "百度云"
        ]
      },
      {
        "name": "人工智能",
        "list": [
          "路径规范",
          "语音识别",
          "文字识别",
          "人脸识别",
          "图像识别",
          "深度学习",
          "tensorflow",
          "deepcode"
        ]
      },
      {
        "name": "物联网",
        "list": [
          "智能设备",
          "虚拟平台",
          "芯片",
          "单片机"
        ]
      },
      {
        "name": "系列教程",
        "list": [
          "javascript",
          "git",
          "node.js",
          "vue.js",
          "es6"
        ]
      },
      {
        "name": "书籍",
        "list": [

        ]
      },
      {
        "name": "文档集合",
        "list": [
          "node.js",
          "express",
          "underscore.js",
          "lodash.js",
          "react.js",
          "vue.js",
          "koa"
        ]
      }
    ]
  }
}
