{
  "errno": 0,
  "errmsg": "success",
  "data": {
    "id": 152,
    "code": "5728f6513b61fccef8e5742c2ec3b65f",
    "title": "乳制品专场",
    "sub_title": "",
    "description": "",
    "main_pic": "",
    "channel": "",
    "is_rtf": 1,
    "start_time": 0,
    "end_time": 0,
    "audit_status": 0,
    "status": 3,
    "created_at": 1487729549,
    "updated_at": 1487730664,
    "source_type": 1,
    "priority": 0,
    "detail": "%3Cp%3E%3Cimg%20src%3D%22http%3A%2F%2Fimg.haoshiqi.net%2Fmerchantadmin%2Fimage20170222%2Fma4cd511fba1c60c4c0db6b7d7e6dc255d_300X640%22%20%2F%3E%3C%2Fp%3E",
    "skuList": [{
      "id": 41481,
      "topic_id": 152,
      "sku_id": 11552,
      "sku_name": "【包邮】蒙牛精选牧场纯牛奶250ml*12盒 3.2g蛋白含量",
      "sku_pic": "http://img.haoshiqi.net/merchantadmin/image20170217/ma10b87ac89e39be7b4e0d55005cb2a96d",
      "sku_desc": "",
      "type": 1,
      "priority": 26
    }, {
      "id": 41480,
      "topic_id": 152,
      "sku_id": 11640,
      "sku_name": "【包邮】【保质期到3月12日】蒙牛真果粒牛奶饮品250ml*12礼盒装 口味随机",
      "sku_pic": "http://img.haoshiqi.net/merchantadmin/image20170221/mab40051093ff632dc3018db325b40c462",
      "sku_desc": "",
      "type": 1,
      "priority": 25
    }, {
      "id": 41482,
      "topic_id": 152,
      "sku_id": 11551,
      "sku_name": "【包邮】蒙牛特仑苏纯牛奶250ml*12盒/提",
      "sku_pic": "http://img.haoshiqi.net/merchantadmin/image20170217/ma2de830358119de21fe603d8ef8789121",
      "sku_desc": "",
      "type": 1,
      "priority": 24
    }, {
      "id": 41485,
      "topic_id": 152,
      "sku_id": 11533,
      "sku_name": "【新货大促】包邮蒙牛特仑苏纯牛奶250ml*12/箱 醇香新贵族 贵在优蛋白",
      "sku_pic": "http://img.haoshiqi.net/merchantadmin/image20170217/ma153a2569819a44a7d4a8f1829601bd54",
      "sku_desc": "",
      "type": 1,
      "priority": 23
    }, {
      "id": 41496,
      "topic_id": 152,
      "sku_id": 9545,
      "sku_name": "【包邮】旺旺旺仔牛奶125ml*20*2整箱礼盒（单提原味16盒+4盒乳酸菌）",
      "sku_pic": "http://img.haoshiqi.net/merchantadmin/image20161205/ma61e9101bcccbf61d64437356fdae2511",
      "sku_desc": "",
      "type": 1,
      "priority": 22
    }, {
      "id": 41486,
      "topic_id": 152,
      "sku_id": 11532,
      "sku_name": "【新货大促】包邮光明莫斯利安 钻石装礼盒 原味酸奶200g*12盒/箱",
      "sku_pic": "http://img.haoshiqi.net/merchantadmin/image20170216/ma5aa87c6414dcd1d762b269d10bb2d795",
      "sku_desc": "",
      "type": 1,
      "priority": 21
    }, {
      "id": 41488,
      "topic_id": 152,
      "sku_id": 11523,
      "sku_name": "【新货大促】包邮伊利 安慕希希腊风味酸奶 原味 205g*12/箱",
      "sku_pic": "http://img.haoshiqi.net/merchantadmin/image20170216/maf3ce3546ec2279996843c587c741afe4",
      "sku_desc": "",
      "type": 1,
      "priority": 17
    }, {
      "id": 41492,
      "topic_id": 152,
      "sku_id": 11205,
      "sku_name": "【包邮】光明 莫斯利安 常温酸奶酸牛奶350g*8盒",
      "sku_pic": "http://img.haoshiqi.net/merchantadmin/image20170208/ma3985c67d36d56af46b466a8485161445",
      "sku_desc": "",
      "type": 1,
      "priority": 15
    }, {
      "id": 41483,
      "topic_id": 152,
      "sku_id": 11542,
      "sku_name": "【包邮】蒙牛未来星儿童成长有机奶190ml*10包",
      "sku_pic": "http://img.haoshiqi.net/merchantadmin/image20170217/ma6c19f100885dc2c6e142af961a2ceaf0",
      "sku_desc": "",
      "type": 1,
      "priority": 12
    }, {
      "id": 41484,
      "topic_id": 152,
      "sku_id": 11539,
      "sku_name": "【包邮】蒙牛 甜小嗨甜牛奶250ml*12盒（女版）/（男版）",
      "sku_pic": "http://img.haoshiqi.net/merchantadmin/image20170217/maeecc8d1c4cd55ca5870b2b432d9d0ee5",
      "sku_desc": "",
      "type": 1,
      "priority": 11
    }, {
      "id": 41489,
      "topic_id": 152,
      "sku_id": 11318,
      "sku_name": "【包邮】蒙牛无菌砖纯牛奶250ml*24 整箱装",
      "sku_pic": "http://img.haoshiqi.net/merchantadmin/image20170210/ma68fa5a11eeb28c96604b916ab89b3f40",
      "sku_desc": "",
      "type": 1,
      "priority": 10
    }, {
      "id": 41487,
      "topic_id": 152,
      "sku_id": 11525,
      "sku_name": "【新货大促】包邮蒙牛纯甄纯真风味常温酸牛奶 200g*12/箱",
      "sku_pic": "http://img.haoshiqi.net/merchantadmin/image20170216/ma07dce54771854c08c91dfd22c7136602",
      "sku_desc": "",
      "type": 1,
      "priority": 9
    }, {
      "id": 41495,
      "topic_id": 152,
      "sku_id": 10588,
      "sku_name": "【包邮】羽泉跨界新作蒙牛嗨milk全脂纯牛奶330ml*12包",
      "sku_pic": "http://img.haoshiqi.net/merchantadmin/image20170103/maf2c8d999c8b7bfcaed8ae053b2b83110",
      "sku_desc": "",
      "type": 1,
      "priority": 8
    }, {
      "id": 41491,
      "topic_id": 152,
      "sku_id": 11221,
      "sku_name": "【包邮】蒙牛未来星儿童营养风味酸牛奶酸奶 200g*12盒",
      "sku_pic": "http://img.haoshiqi.net/merchantadmin/image20170208/ma18e86b57b80223e9c136ff3b96f3ec17",
      "sku_desc": "",
      "type": 1,
      "priority": 7
    }, {
      "id": 41499,
      "topic_id": 152,
      "sku_id": 5213,
      "sku_name": "缘天然谷享调制乳黑牛奶250ml*12盒黑米黑豆黑芝麻谷物早餐奶",
      "sku_pic": "http://img.haoshiqi.net/merchantadmin/image20160902/ma77ed1b59d01cf47b835a6cb0f19ff3b8",
      "sku_desc": "",
      "type": 1,
      "priority": 6
    }, {
      "id": 41490,
      "topic_id": 152,
      "sku_id": 11248,
      "sku_name": "【包邮】优信牛乳钙儿童钙片奶片 青少年成人中老年人补钙36g* 2盒装",
      "sku_pic": "http://img.haoshiqi.net/merchantadmin/image20170209/maeaf6b60933d438e2775dafb29264fe27",
      "sku_desc": "",
      "type": 1,
      "priority": 5
    }, {
      "id": 41493,
      "topic_id": 152,
      "sku_id": 10960,
      "sku_name": "奥莉维亚  新西兰小熊调制乳粉 长高奶粉 480g/盒",
      "sku_pic": "http://img.haoshiqi.net/merchantadmin/image20170113/ma24b4758fbadbc1a5343f4b32c7c8c3ff",
      "sku_desc": "",
      "type": 1,
      "priority": 4
    }, {
      "id": 41497,
      "topic_id": 152,
      "sku_id": 7036,
      "sku_name": "【包邮】佐佐12杯礼盒装奶优果冻休闲零食【芒果草莓椰奶香蕉各三杯总1380g】",
      "sku_pic": "http://img.haoshiqi.net/merchantadmin/image20161013/ma1e3dc37afd638af6f842bbfbf24929bb",
      "sku_desc": "",
      "type": 1,
      "priority": 3
    }, {
      "id": 41494,
      "topic_id": 152,
      "sku_id": 10853,
      "sku_name": "【包邮】布朗夫人Ms.Brown全营养成人奶粉200g8条 5盒送杯",
      "sku_pic": "http://img.haoshiqi.net/merchantadmin/image20170110/maf087213aacce570c60d39f8075fa904f",
      "sku_desc": "",
      "type": 1,
      "priority": 2
    }, {
      "id": 41498,
      "topic_id": 152,
      "sku_id": 6357,
      "sku_name": "布朗夫人 乐活香蕉果味奶粉 成人奶粉下午茶早餐40g*6杯 乐活香蕉",
      "sku_pic": "http://img.haoshiqi.net/merchantadmin/image20160928/ma8756167fc6bd36cfd413015e5d937ae1",
      "sku_desc": "",
      "type": 1,
      "priority": 1
    }]
  },
  "timestamp": 1490064435,
  "serverlogid": "ad54fa473b057ab9b59750a671d948fc"
}
