{
  "result": true,
  "user": {
    "_id": 188935,
    "registered": "2017-04-24T06:42:30.353Z",
    "config": {
      "last_collection": 2370308,
      "font_color": ""
    },
    "password": true,
    "email": "1395093509@qq.com",
    "fullName": "cloudyan",
    "files": {
      "used": 0,
      "size": 60000000
    },
    "lastAction": "2017-04-26T01:29:14.623Z",
    "groups": [
      {
        "title": "我的收藏",
        "collections": [
          2370266,
          2370267,
          2370268,
          2370269,
          2370270,
          2370271,
          2370272,
          2370274,
          2370275,
          2370276,
          2370277,
          2370278,
          2370279,
          2370280,
          2370281,
          2370282,
          2370283,
          2370284,
          2370285,
          2370286,
          2370287,
          2370288,
          2370289,
          2370290,
          2370291,
          2370292,
          2370293,
          2370294,
          2370295,
          2370296,
          2370297,
          2370299,
          2370300,
          2370301,
          2370302,
          2370303,
          2370304,
          2370305,
          2370306,
          2370307,
          2370308,
          2370309,
          2370310,
          2370311,
          2370312,
          2370313,
          2370314,
          2370315,
          2370316,
          2370317,
          2370318,
          2370319,
          2370320,
          2370321,
          2370322,
          2370323,
          2370324,
          2370325,
          2370326,
          2370327,
          2370328,
          2370329,
          2370330,
          2370331,
          2370332,
          2370333,
          2370334,
          2370335,
          2370336,
          2370337,
          2370338,
          2370339,
          2370340,
          2370341,
          2370342,
          2370343,
          2370344,
          2370345,
          2370346,
          2370347,
          2370348,
          2370349,
          2370350,
          2370351,
          2370352,
          2370353,
          2370354,
          2370355,
          2370356,
          2370357,
          2370358,
          2370359,
          2370360,
          2370361,
          2370362,
          2370363,
          2370364,
          2370365,
          2370366,
          2370367,
          2370368,
          2370369,
          2370370,
          2370371,
          2370372,
          2370373,
          2370374,
          2370375,
          2370376,
          2370377,
          2370378,
          2370379,
          2370380,
          2370381,
          2370382,
          2370383,
          2370384,
          2370385,
          2370386,
          2370387,
          2370388,
          2370389,
          2370390,
          2370391,
          2370392,
          2370393,
          2370394,
          2370395,
          2370396,
          2370397,
          2370398,
          2370399,
          2370400,
          2370401,
          2370402,
          2370403,
          2370404,
          2370405,
          2370407,
          2370408,
          2370409,
          2370410,
          2370411,
          2370412,
          2370413,
          2370414,
          2370415,
          2370416,
          2370417,
          2370418,
          2370419,
          2370420,
          2370421,
          2370422,
          2370423,
          2370424,
          2370425,
          2370426,
          2370427,
          2370428,
          2370429,
          2370430,
          2370431,
          2370432,
          2370433,
          2370435,
          2370436,
          2370437,
          2370438,
          2370439,
          2370440,
          2370441,
          2370442,
          2370443,
          2370444,
          2370445,
          2370446,
          2370447,
          2370448,
          2370449,
          2370450,
          2370451,
          2370452,
          2370453,
          2370454,
          2370455,
          2370456,
          2370457,
          2370458,
          2370459,
          2370460,
          2370461,
          2370462,
          2370463,
          2370464,
          2370465,
          2370466,
          2370467,
          2370468,
          2370469,
          2370470,
          2370471,
          2370472,
          2370473,
          2370474,
          2370475,
          2370476,
          2370477,
          2370478,
          2370479,
          2370480,
          2370481,
          2370482,
          2370483,
          2370484,
          2370485,
          2370486,
          2370487,
          2370488,
          2370489,
          2370490,
          2370491,
          2370492,
          2370493,
          2370494,
          2370495,
          2370496,
          2370497,
          2370498,
          2370499,
          2370500,
          2370501,
          2370502,
          2370503,
          2370504,
          2370505,
          2370506,
          2370507,
          2370508,
          2370509,
          2370510,
          2370511,
          2370512,
          2370513,
          2370514,
          2370515,
          2370516,
          2370517,
          2370518,
          2370519,
          2370520,
          2370521,
          2370522,
          2370523,
          2370524,
          2370525,
          2370526,
          2370527,
          2370528,
          2370529,
          2370530,
          2370531,
          2370532,
          2370533,
          2370534,
          2370535,
          2370536,
          2370537,
          2370538,
          2370539,
          2370540,
          2370541
        ],
        "hidden": false,
        "sort": 0
      }
    ],
    "uniqKey": "o9YbFVm2X5",
    "email_MD5": "60ea410fac17367e99495a6834daa2a2"
  }
}
